key,enabled,identity,password,username
user-account-administrator-03,true,"UserIdentity{name: 'Admin', surname: 'Acme', email: 'admin@acme.com'}",administrator1,administrator1
user-account-administrator-04,true,"UserIdentity{name: 'Admin', surname: 'Acme', email: 'admin@acme.com'}",administrator2,administrator2
user-account-lecturer-01,true,"UserIdentity{name: 'Guaje', surname: 'Begines', email: 'lecturer1@acme.com'}",lecturer1,lecturer1
user-account-lecturer-02,true,"UserIdentity{name: 'kvra', surname: 'Dona', email: 'lecturer1@acme.com'}",lecturer2,lecturer2
user-account-lecturer-03,true,"UserIdentity{name: 'Guaje', surname: 'Begines', email: 'lecturer1@acme.com'}",lecturer3,lecturer3
user-account-lecturer-04,true,"UserIdentity{name: 'Guaje', surname: 'Begines', email: 'lecturer1@acme.com'}",lecturer4,lecturer4
user-account-lecturer-05,true,"UserIdentity{name: 'Guaje', surname: 'Begines', email: 'lecturer1@acme.com'}",lecturer5,lecturer5
user-account-lecturer-06,true,"UserIdentity{name: 'Guaje', surname: 'Begines', email: 'lecturer1@acme.com'}",lecturer6,lecturer6
user-account-lecturer-07,true,"UserIdentity{name: 'Guaje', surname: 'Begines', email: 'lecturer1@acme.com'}",lecturer7,lecturer7
user-account-lecturer-08,true,"UserIdentity{name: 'Guaje', surname: 'Begines', email: 'lecturer1@acme.com'}",lecturer8,lecturer8
user-account-lecturer-09,true,"UserIdentity{name: 'Guaje', surname: 'Begines', email: 'lecturer1@acme.com'}",lecturer9,lecturer9
user-account-lecturer-10,true,"UserIdentity{name: 'Guaje', surname: 'Begines', email: 'lecturer1@acme.com'}",lecturer10,lecturer10
user-account-lecturer-11,true,"UserIdentity{name: 'Guaje', surname: 'Begines', email: 'lecturer1@acme.com'}",lecturer11,lecturer11
user-account-lecturer-12,true,"UserIdentity{name: 'Guaje', surname: 'Begines', email: 'lecturer1@acme.com'}",lecturer12,lecturer12
user-account-lecturer-13,true,"UserIdentity{name: 'Guaje', surname: 'Begines', email: 'lecturer1@acme.com'}",lecturer13,lecturer13
user-account-lecturer-14,true,"UserIdentity{name: 'Guaje', surname: 'Begines', email: 'lecturer1@acme.com'}",lecturer14,lecturer14
user-account-lecturer-15,true,"UserIdentity{name: 'Guaje', surname: 'Begines', email: 'lecturer1@acme.com'}",lecturer15,lecturer15
user-account-lecturer-16,true,"UserIdentity{name: 'Guaje', surname: 'Begines', email: 'lecturer1@acme.com'}",lecturer16,lecturer16
user-account-lecturer-17,true,"UserIdentity{name: 'Guaje', surname: 'Begines', email: 'lecturer1@acme.com'}",lecturer17,lecturer17
user-account-lecturer-18,true,"UserIdentity{name: 'Guaje', surname: 'Begines', email: 'lecturer1@acme.com'}",lecturer18,lecturer18
user-account-lecturer-19,true,"UserIdentity{name: 'Guaje', surname: 'Begines', email: 'lecturer1@acme.com'}",lecturer19,lecturer19
user-account-lecturer-20,true,"UserIdentity{name: 'Guaje', surname: 'Begines', email: 'lecturer1@acme.com'}",lecturer20,lecturer20
user-account-lecturer-21,true,"UserIdentity{name: 'Guaje', surname: 'Begines', email: 'lecturer1@acme.com'}",lecturer21,lecturer21
user-account-lecturer-22,true,"UserIdentity{name: 'Guaje', surname: 'Begines', email: 'lecturer1@acme.com'}",lecturer22,lecturer22
user-account-lecturer-23,true,"UserIdentity{name: 'Guaje', surname: 'Begines', email: 'lecturer1@acme.com'}",lecturer23,lecturer23
user-account-lecturer-24,true,"UserIdentity{name: 'Guaje', surname: 'Begines', email: 'lecturer1@acme.com'}",lecturer24,lecturer24
user-account-lecturer-25,true,"UserIdentity{name: 'Guaje', surname: 'Begines', email: 'lecturer1@acme.com'}",lecturer25,lecturer25
user-account-lecturer-26,true,"UserIdentity{name: 'Guaje', surname: 'Begines', email: 'lecturer1@acme.com'}",lecturer26,lecturer26
user-account-lecturer-27,true,"UserIdentity{name: 'Guaje', surname: 'Begines', email: 'lecturer1@acme.com'}",lecturer27,lecturer27
user-account-auditor-01,true,"UserIdentity{name: 'Pablo', surname: 'Mera', email: 'auditor1@acme.com'}",auditor1,auditor1
user-account-auditor-02,true,"UserIdentity{name: 'Javier', surname: 'Varo', email: 'auditor1@acme.com'}",auditor2,auditor2
user-account-auditor-03,true,"UserIdentity{name: 'Pablo', surname: 'Mera', email: 'auditor1@acme.com'}",auditor3,auditor3
user-account-auditor-04,true,"UserIdentity{name: 'Pablo', surname: 'Mera', email: 'auditor1@acme.com'}",auditor4,auditor4
user-account-auditor-05,true,"UserIdentity{name: 'Pablo', surname: 'Mera', email: 'auditor1@acme.com'}",auditor5,auditor5
user-account-auditor-06,true,"UserIdentity{name: 'Pablo', surname: 'Mera', email: 'auditor1@acme.com'}",auditor6,auditor6
user-account-auditor-07,true,"UserIdentity{name: 'Pablo', surname: 'Mera', email: 'auditor1@acme.com'}",auditor7,auditor7
user-account-auditor-08,true,"UserIdentity{name: 'Pablo', surname: 'Mera', email: 'auditor1@acme.com'}",auditor8,auditor8
user-account-auditor-09,true,"UserIdentity{name: 'Pablo', surname: 'Mera', email: 'auditor1@acme.com'}",auditor9,auditor9
user-account-auditor-10,true,"UserIdentity{name: 'Pablo', surname: 'Mera', email: 'auditor1@acme.com'}",auditor10,auditor10
user-account-auditor-11,true,"UserIdentity{name: 'Pablo', surname: 'Mera', email: 'auditor1@acme.com'}",auditor11,auditor11
user-account-auditor-12,true,"UserIdentity{name: 'Pablo', surname: 'Mera', email: 'auditor1@acme.com'}",auditor12,auditor12
user-account-auditor-13,true,"UserIdentity{name: 'Pablo', surname: 'Mera', email: 'auditor1@acme.com'}",auditor13,auditor13
user-account-auditor-14,true,"UserIdentity{name: 'Pablo', surname: 'Mera', email: 'auditor1@acme.com'}",auditor14,auditor14
user-account-auditor-15,true,"UserIdentity{name: 'Pablo', surname: 'Mera', email: 'auditor1@acme.com'}",auditor15,auditor15
user-account-auditor-16,true,"UserIdentity{name: 'Pablo', surname: 'Mera', email: 'auditor1@acme.com'}",auditor16,auditor16
user-account-auditor-17,true,"UserIdentity{name: 'Pablo', surname: 'Mera', email: 'auditor1@acme.com'}",auditor17,auditor17
user-account-auditor-18,true,"UserIdentity{name: 'Pablo', surname: 'Mera', email: 'auditor1@acme.com'}",auditor18,auditor18
user-account-auditor-19,true,"UserIdentity{name: 'Pablo', surname: 'Mera', email: 'auditor1@acme.com'}",auditor19,auditor19
user-account-auditor-20,true,"UserIdentity{name: 'Pablo', surname: 'Mera', email: 'auditor1@acme.com'}",auditor20,auditor20
user-account-auditor-21,true,"UserIdentity{name: 'Pablo', surname: 'Mera', email: 'auditor1@acme.com'}",auditor21,auditor21
user-account-auditor-22,true,"UserIdentity{name: 'Pablo', surname: 'Mera', email: 'auditor1@acme.com'}",auditor22,auditor22
user-account-auditor-23,true,"UserIdentity{name: 'Pablo', surname: 'Mera', email: 'auditor1@acme.com'}",auditor23,auditor23
user-account-auditor-24,true,"UserIdentity{name: 'Pablo', surname: 'Mera', email: 'auditor1@acme.com'}",auditor24,auditor24
user-account-auditor-25,true,"UserIdentity{name: 'Pablo', surname: 'Mera', email: 'auditor1@acme.com'}",auditor25,auditor25
user-account-auditor-26,true,"UserIdentity{name: 'Pablo', surname: 'Mera', email: 'auditor1@acme.com'}",auditor26,auditor26
user-account-auditor-27,true,"UserIdentity{name: 'Pablo', surname: 'Mera', email: 'auditor1@acme.com'}",auditor27,auditor27
user-account-auditor-28,true,"UserIdentity{name: 'Pablo', surname: 'Mera', email: 'auditor1@acme.com'}",auditor28,auditor28
user-account-company-01,true,"UserIdentity{name: 'David', surname: 'Cortabarra', email: 'company1@acme.com'}",company1,company1
user-account-company-02,true,"UserIdentity{name: 'David', surname: 'Cortabarra', email: 'company1@acme.com'}",company2,company2
user-account-company-03,true,"UserIdentity{name: 'David', surname: 'Cortabarra', email: 'company1@acme.com'}",company3,company3
user-account-company-04,true,"UserIdentity{name: 'David', surname: 'Cortabarra', email: 'company1@acme.com'}",company4,company4
user-account-company-05,true,"UserIdentity{name: 'David', surname: 'Cortabarra', email: 'company1@acme.com'}",company5,company5
user-account-company-06,true,"UserIdentity{name: 'David', surname: 'Cortabarra', email: 'company1@acme.com'}",company6,company6
user-account-company-07,true,"UserIdentity{name: 'David', surname: 'Cortabarra', email: 'company1@acme.com'}",company7,company7
user-account-company-08,true,"UserIdentity{name: 'David', surname: 'Cortabarra', email: 'company1@acme.com'}",company8,company8
user-account-company-09,true,"UserIdentity{name: 'David', surname: 'Cortabarra', email: 'company1@acme.com'}",company9,company9
user-account-company-10,true,"UserIdentity{name: 'David', surname: 'Cortabarra', email: 'company1@acme.com'}",company10,company10
user-account-company-11,true,"UserIdentity{name: 'David', surname: 'Cortabarra', email: 'company1@acme.com'}",company11,company11
user-account-company-12,true,"UserIdentity{name: 'David', surname: 'Cortabarra', email: 'company1@acme.com'}",company12,company12
user-account-company-13,true,"UserIdentity{name: 'David', surname: 'Cortabarra', email: 'company1@acme.com'}",company13,company13
user-account-company-14,true,"UserIdentity{name: 'David', surname: 'Cortabarra', email: 'company1@acme.com'}",company14,company14
user-account-company-15,true,"UserIdentity{name: 'David', surname: 'Cortabarra', email: 'company1@acme.com'}",company15,company15
user-account-company-16,true,"UserIdentity{name: 'David', surname: 'Cortabarra', email: 'company1@acme.com'}",company16,company16
user-account-company-17,true,"UserIdentity{name: 'David', surname: 'Cortabarra', email: 'company1@acme.com'}",company17,company17
user-account-company-18,true,"UserIdentity{name: 'David', surname: 'Cortabarra', email: 'company1@acme.com'}",company18,company18
user-account-company-19,true,"UserIdentity{name: 'David', surname: 'Cortabarra', email: 'company1@acme.com'}",company19,company19
user-account-company-20,true,"UserIdentity{name: 'David', surname: 'Cortabarra', email: 'company1@acme.com'}",company20,company20
user-account-company-21,true,"UserIdentity{name: 'David', surname: 'Cortabarra', email: 'company1@acme.com'}",company21,company21
user-account-company-22,true,"UserIdentity{name: 'David', surname: 'Cortabarra', email: 'company1@acme.com'}",company22,company22
user-account-company-23,true,"UserIdentity{name: 'David', surname: 'Cortabarra', email: 'company1@acme.com'}",company23,company23
user-account-company-24,true,"UserIdentity{name: 'David', surname: 'Cortabarra', email: 'company1@acme.com'}",company24,company24
user-account-company-25,true,"UserIdentity{name: 'David', surname: 'Cortabarra', email: 'company1@acme.com'}",company25,company25
user-account-company-26,true,"UserIdentity{name: 'David', surname: 'Cortabarra', email: 'company1@acme.com'}",company26,company26
user-account-company-27,true,"UserIdentity{name: 'David', surname: 'Cortabarra', email: 'company1@acme.com'}",company27,company27
user-account-company-28,true,"UserIdentity{name: 'David', surname: 'Cortabarra', email: 'company1@acme.com'}",company28,company28
user-account-company-29,true,"UserIdentity{name: 'David', surname: 'Cortabarra', email: 'company1@acme.com'}",company29,company29
user-account-assistant-01,true,"UserIdentity{name: 'Alejandro', surname: 'Garcia', email: 'assistant1@acme.com'}",assistant1,assistant1
user-account-assistant-02,true,"UserIdentity{name: 'Pedro', surname: 'Escalante', email: 'assistant1@acme.com'}",assistant2,assistant2
user-account-assistant-03,true,"UserIdentity{name: 'Alejandro', surname: 'Garcia', email: 'assistant1@acme.com'}",assistant3,assistant3
user-account-assistant-04,true,"UserIdentity{name: 'Alejandro', surname: 'Garcia', email: 'assistant1@acme.com'}",assistant4,assistant4
user-account-assistant-05,true,"UserIdentity{name: 'Alejandro', surname: 'Garcia', email: 'assistant1@acme.com'}",assistant5,assistant5
user-account-assistant-06,true,"UserIdentity{name: 'Alejandro', surname: 'Garcia', email: 'assistant1@acme.com'}",assistant6,assistant6
user-account-assistant-07,true,"UserIdentity{name: 'Alejandro', surname: 'Garcia', email: 'assistant1@acme.com'}",assistant7,assistant7
user-account-assistant-08,true,"UserIdentity{name: 'Alejandro', surname: 'Garcia', email: 'assistant1@acme.com'}",assistant8,assistant8
user-account-assistant-09,true,"UserIdentity{name: 'Alejandro', surname: 'Garcia', email: 'assistant1@acme.com'}",assistant9,assistant9
user-account-assistant-10,true,"UserIdentity{name: 'Alejandro', surname: 'Garcia', email: 'assistant1@acme.com'}",assistant10,assistant10
user-account-assistant-11,true,"UserIdentity{name: 'Alejandro', surname: 'Garcia', email: 'assistant1@acme.com'}",assistant11,assistant11
user-account-assistant-12,true,"UserIdentity{name: 'Alejandro', surname: 'Garcia', email: 'assistant1@acme.com'}",assistant12,assistant12
user-account-assistant-13,true,"UserIdentity{name: 'Alejandro', surname: 'Garcia', email: 'assistant1@acme.com'}",assistant13,assistant13
user-account-assistant-14,true,"UserIdentity{name: 'Alejandro', surname: 'Garcia', email: 'assistant1@acme.com'}",assistant14,assistant14
user-account-assistant-15,true,"UserIdentity{name: 'Alejandro', surname: 'Garcia', email: 'assistant1@acme.com'}",assistant15,assistant15
user-account-assistant-16,true,"UserIdentity{name: 'Alejandro', surname: 'Garcia', email: 'assistant1@acme.com'}",assistant16,assistant16
user-account-assistant-17,true,"UserIdentity{name: 'Alejandro', surname: 'Garcia', email: 'assistant1@acme.com'}",assistant17,assistant17
user-account-assistant-18,true,"UserIdentity{name: 'Alejandro', surname: 'Garcia', email: 'assistant1@acme.com'}",assistant18,assistant18
user-account-assistant-19,true,"UserIdentity{name: 'Alejandro', surname: 'Garcia', email: 'assistant1@acme.com'}",assistant19,assistant19
user-account-assistant-20,true,"UserIdentity{name: 'Alejandro', surname: 'Garcia', email: 'assistant1@acme.com'}",assistant20,assistant20
user-account-assistant-21,true,"UserIdentity{name: 'Alejandro', surname: 'Garcia', email: 'assistant1@acme.com'}",assistant21,assistant21
user-account-assistant-22,true,"UserIdentity{name: 'Alejandro', surname: 'Garcia', email: 'assistant1@acme.com'}",assistant22,assistant22
user-account-assistant-23,true,"UserIdentity{name: 'Alejandro', surname: 'Garcia', email: 'assistant1@acme.com'}",assistant23,assistant23
user-account-assistant-24,true,"UserIdentity{name: 'Alejandro', surname: 'Garcia', email: 'assistant1@acme.com'}",assistant24,assistant24
user-account-assistant-25,true,"UserIdentity{name: 'Alejandro', surname: 'Garcia', email: 'assistant1@acme.com'}",assistant25,assistant25
user-account-assistant-26,true,"UserIdentity{name: 'Alejandro', surname: 'Garcia', email: 'assistant1@acme.com'}",assistant26,assistant26
user-account-student-01,true,"UserIdentity{name: 'Alejandro', surname: 'Campano', email: 'student1@acme.com'}",student1,student1
user-account-student-02,true,"UserIdentity{name: 'Carlos', surname: 'Baquero', email: 'student2@acme.com'}",student2,student2